System,Precision@5
Rule-based,0.32933333333333326
TF-IDF,0.2093333333333333
Semantic,0.0013333333333333335
